INSERT INTO Travelers (TravelerID, Name, Email, Department, Position) VALUES ('ba00bca1-202b-4235-9e7d-9564bd40503c', 'Erin Walter', 'carmen92@hotmail.com', 'Journalist, Department', 'Paramedic');
INSERT INTO Travelers (TravelerID, Name, Email, Department, Position) VALUES ('6919bfad-0f58-433f-b515-0a3e3cdb8ebf', 'Joshua Shah', 'timothy56@gmail.com', 'Designer, Department', 'Geologist');
INSERT INTO Travelers (TravelerID, Name, Email, Department, Position) VALUES ('d262c5d5-c67e-4e7b-a90b-ad6f9013e7fe', 'Jeremy Green', 'christophergarcia@fitzgerald.info', 'Best Department', 'Network engineer');
INSERT INTO Travelers (TravelerID, Name, Email, Department, Position) VALUES ('f7f1358b-5d8f-4a8a-bd1f-c278351249ff', 'Daniel Lucas', 'mosleycody@dyer.com', 'Civil Department', 'Insurance claims handler');
INSERT INTO Travelers (TravelerID, Name, Email, Department, Position) VALUES ('28da53f1-2ba6-4658-bc86-a37157032a0f', 'Marcia Banks', 'lindaroberson@combs.com', 'Geneticist, Department', 'Furniture conservator/restorer');
INSERT INTO BudgetOfficers (OfficerID, Name, Department) VALUES ('45ac8983-4645-40a8-8cfd-35164b5edc2e', 'Thomas Cook', 'Health Department');
INSERT INTO BudgetOfficers (OfficerID, Name, Department) VALUES ('90e26506-bac5-4445-a32a-615e00b9b59b', 'John Brown', 'Engineer, Department');
INSERT INTO BudgetOfficers (OfficerID, Name, Department) VALUES ('f9922e2d-50c4-41e4-9ff4-268af366e0ce', 'Michael Ruiz', 'Graphic Department');
INSERT INTO Supervisors (SupervisorID, Name, Department, Position) VALUES ('ca3d528b-647f-46f5-bb4c-b7274faf7d47', 'James Lam', 'Immunologist Department', 'Volunteer coordinator');
INSERT INTO Supervisors (SupervisorID, Name, Department, Position) VALUES ('e0ea64ac-bd3d-4bfe-bb31-35fd8095d4da', 'Ariana Payne', 'Press Department', 'Electrical engineer');
INSERT INTO UniversityFinancialServices (UFS_ID, Name, Status) VALUES ('4520cbb1-4d72-446b-ba9e-d6d9f674996b', 'Sheryl Dennis', 'Approved');
INSERT INTO UniversityFinancialServices (UFS_ID, Name, Status) VALUES ('7b7fcb32-f6a8-4e9c-83d8-a95773db4b7d', 'Felicia Pope', 'Processed');
INSERT INTO Vendors (VendorID, Name, ServiceType, BillAmount) VALUES ('9faadb22-945f-40ab-a1f4-cda53566d3bb', 'Cowan-Riley', 'Taxi', '276.75');
INSERT INTO Vendors (VendorID, Name, ServiceType, BillAmount) VALUES ('b715f026-0103-4967-902b-24680fa998de', 'Cooper-Tran', 'Train', '174.33');
INSERT INTO Vendors (VendorID, Name, ServiceType, BillAmount) VALUES ('9f35fbae-fa00-430d-894f-fc2cb9d964f9', 'Stewart-Ferguson', 'Taxi', '484.36');
INSERT INTO Vendors (VendorID, Name, ServiceType, BillAmount) VALUES ('de9a23b7-5561-4fb5-8f44-27659649777c', 'Thomas Group', 'Flight', '58.85');
INSERT INTO Vendors (VendorID, Name, ServiceType, BillAmount) VALUES ('f315a6c4-7f6c-49e6-bc8a-2006bf9a0db3', 'Chavez, Rodriguez and Klein', 'Flight', '119.6');
INSERT INTO Authorizations (AuthID, Status, StartDate, EndDate, Destination, TripPurpose) VALUES ('cc6acf06-611d-48a7-a750-22dc59013ef8', 'Approved', '2023-09-17', '2024-05-15', 'Clintonhaven', 'Visionary responsive neural-net');
INSERT INTO Authorizations (AuthID, Status, StartDate, EndDate, Destination, TripPurpose) VALUES ('cd1ee88c-b979-49f2-a534-4c425ede85c5', 'Approved', '2023-06-28', '2024-02-05', 'Francismouth', 'Vision-oriented mission-critical toolset');
INSERT INTO Authorizations (AuthID, Status, StartDate, EndDate, Destination, TripPurpose) VALUES ('1118ae83-12d8-4be2-b843-1f9dd8165d6b', 'Approved', '2023-07-09', '2024-05-25', 'Abbottstad', 'Operative even-keeled matrices');
INSERT INTO Authorizations (AuthID, Status, StartDate, EndDate, Destination, TripPurpose) VALUES ('2e0ac4bd-7c7b-4c0e-8255-519b640a2f54', 'Approved', '2023-08-13', '2024-10-05', 'South Sean', 'Total modular portal');
INSERT INTO Authorizations (AuthID, Status, StartDate, EndDate, Destination, TripPurpose) VALUES ('ff8047a9-df72-41e5-aba3-9c755dae3ffc', 'Pending', '2023-06-04', '2024-11-09', 'North Charles', 'Versatile demand-driven monitoring');
INSERT INTO Authorizations (AuthID, Status, StartDate, EndDate, Destination, TripPurpose) VALUES ('0a3f09be-06be-4a84-8aa9-259b66c5c625', 'Pending', '2023-09-28', '2024-01-05', 'East Craigland', 'Programmable homogeneous core');
INSERT INTO Authorizations (AuthID, Status, StartDate, EndDate, Destination, TripPurpose) VALUES ('d04b18f6-6dc1-4d1c-a4ba-0ccb2c6cff3a', 'Pending', '2023-10-11', '2024-06-02', 'South Ricardo', 'Automated tertiary collaboration');
INSERT INTO Authorizations (AuthID, Status, StartDate, EndDate, Destination, TripPurpose) VALUES ('492ad0d6-6c7c-4a2b-a4f4-0377a9edf0eb', 'Pending', '2023-02-23', '2024-03-09', 'Donnafort', 'Pre-emptive radical infrastructure');
INSERT INTO Authorizations (AuthID, Status, StartDate, EndDate, Destination, TripPurpose) VALUES ('58b191f6-88f0-4eca-bc71-2eac4826899c', 'Denied', '2023-03-01', '2024-02-24', 'North Danieltown', 'Realigned discrete groupware');
INSERT INTO Authorizations (AuthID, Status, StartDate, EndDate, Destination, TripPurpose) VALUES ('35a06c30-36fc-4ce3-a997-aae505731267', 'Pending', '2023-10-11', '2024-03-20', 'Port Claudia', 'Cross-platform stable functionalities');
INSERT INTO ExpenseReports (ReportID, SubmissionDate, Status, TotalAmount, TripType, TravelerID, OfficerID, SupervisorID, UFS_ID, AuthID) VALUES ('1f34ac65-0af1-473b-b1c4-7f59d3db64f4', '2024-02-04', 'Approved', '1854.01', 'International', '6919bfad-0f58-433f-b515-0a3e3cdb8ebf', 'f9922e2d-50c4-41e4-9ff4-268af366e0ce', 'e0ea64ac-bd3d-4bfe-bb31-35fd8095d4da', '7b7fcb32-f6a8-4e9c-83d8-a95773db4b7d', 'cc6acf06-611d-48a7-a750-22dc59013ef8');
INSERT INTO ExpenseReports (ReportID, SubmissionDate, Status, TotalAmount, TripType, TravelerID, OfficerID, SupervisorID, UFS_ID, AuthID) VALUES ('2f15fbd3-630a-4901-aef9-ac3d28e81740', '2024-02-02', 'Pending', '367.67', 'International', 'd262c5d5-c67e-4e7b-a90b-ad6f9013e7fe', '45ac8983-4645-40a8-8cfd-35164b5edc2e', 'ca3d528b-647f-46f5-bb4c-b7274faf7d47', '7b7fcb32-f6a8-4e9c-83d8-a95773db4b7d', 'cd1ee88c-b979-49f2-a534-4c425ede85c5');
INSERT INTO ExpenseReports (ReportID, SubmissionDate, Status, TotalAmount, TripType, TravelerID, OfficerID, SupervisorID, UFS_ID, AuthID) VALUES ('9b4e7cd4-f538-4612-9fdd-fab1b258690c', '2024-01-17', 'Rejected', '2941.41', 'Domestic', 'f7f1358b-5d8f-4a8a-bd1f-c278351249ff', 'f9922e2d-50c4-41e4-9ff4-268af366e0ce', 'e0ea64ac-bd3d-4bfe-bb31-35fd8095d4da', '4520cbb1-4d72-446b-ba9e-d6d9f674996b', '1118ae83-12d8-4be2-b843-1f9dd8165d6b');
INSERT INTO ExpenseReports (ReportID, SubmissionDate, Status, TotalAmount, TripType, TravelerID, OfficerID, SupervisorID, UFS_ID, AuthID) VALUES ('c020faa3-2030-4c92-8d9c-cc6eed98ddad', '2024-01-15', 'Pending', '2840.65', 'Domestic', '28da53f1-2ba6-4658-bc86-a37157032a0f', '45ac8983-4645-40a8-8cfd-35164b5edc2e', 'e0ea64ac-bd3d-4bfe-bb31-35fd8095d4da', '4520cbb1-4d72-446b-ba9e-d6d9f674996b', '2e0ac4bd-7c7b-4c0e-8255-519b640a2f54');
INSERT INTO ExpenseReports (ReportID, SubmissionDate, Status, TotalAmount, TripType, TravelerID, OfficerID, SupervisorID, UFS_ID, AuthID) VALUES ('9a7ef469-01c4-4f58-aeb7-3f63154395ec', '2024-02-25', 'Pending', '221.3', 'International', 'ba00bca1-202b-4235-9e7d-9564bd40503c', '90e26506-bac5-4445-a32a-615e00b9b59b', 'ca3d528b-647f-46f5-bb4c-b7274faf7d47', '4520cbb1-4d72-446b-ba9e-d6d9f674996b', 'ff8047a9-df72-41e5-aba3-9c755dae3ffc');
INSERT INTO ExpenseReports (ReportID, SubmissionDate, Status, TotalAmount, TripType, TravelerID, OfficerID, SupervisorID, UFS_ID, AuthID) VALUES ('c565c6e2-534e-484d-8106-db5d08395630', '2024-03-26', 'Pending', '1125.67', 'International', '28da53f1-2ba6-4658-bc86-a37157032a0f', 'f9922e2d-50c4-41e4-9ff4-268af366e0ce', 'ca3d528b-647f-46f5-bb4c-b7274faf7d47', '4520cbb1-4d72-446b-ba9e-d6d9f674996b', '0a3f09be-06be-4a84-8aa9-259b66c5c625');
INSERT INTO ExpenseReports (ReportID, SubmissionDate, Status, TotalAmount, TripType, TravelerID, OfficerID, SupervisorID, UFS_ID, AuthID) VALUES ('d7995fc1-6bf1-41bb-b1b3-65487a074ed3', '2024-01-21', 'Pending', '2656.11', 'Domestic', '6919bfad-0f58-433f-b515-0a3e3cdb8ebf', 'f9922e2d-50c4-41e4-9ff4-268af366e0ce', 'e0ea64ac-bd3d-4bfe-bb31-35fd8095d4da', '7b7fcb32-f6a8-4e9c-83d8-a95773db4b7d', 'd04b18f6-6dc1-4d1c-a4ba-0ccb2c6cff3a');
INSERT INTO ExpenseReports (ReportID, SubmissionDate, Status, TotalAmount, TripType, TravelerID, OfficerID, SupervisorID, UFS_ID, AuthID) VALUES ('8e3273cf-7149-4ee6-b16c-62b8ba6badfd', '2024-03-26', 'Rejected', '2451.17', 'International', '6919bfad-0f58-433f-b515-0a3e3cdb8ebf', 'f9922e2d-50c4-41e4-9ff4-268af366e0ce', 'ca3d528b-647f-46f5-bb4c-b7274faf7d47', '7b7fcb32-f6a8-4e9c-83d8-a95773db4b7d', '492ad0d6-6c7c-4a2b-a4f4-0377a9edf0eb');
INSERT INTO ExpenseReports (ReportID, SubmissionDate, Status, TotalAmount, TripType, TravelerID, OfficerID, SupervisorID, UFS_ID, AuthID) VALUES ('91596497-724c-43cc-9bb1-9a97bc8ec78a', '2024-01-05', 'Approved', '745.06', 'International', 'd262c5d5-c67e-4e7b-a90b-ad6f9013e7fe', '90e26506-bac5-4445-a32a-615e00b9b59b', 'ca3d528b-647f-46f5-bb4c-b7274faf7d47', '4520cbb1-4d72-446b-ba9e-d6d9f674996b', '58b191f6-88f0-4eca-bc71-2eac4826899c');
INSERT INTO ExpenseReports (ReportID, SubmissionDate, Status, TotalAmount, TripType, TravelerID, OfficerID, SupervisorID, UFS_ID, AuthID) VALUES ('14677187-53f3-4276-84fb-ef8d6b112e4e', '2024-01-04', 'Rejected', '660.08', 'International', 'd262c5d5-c67e-4e7b-a90b-ad6f9013e7fe', '45ac8983-4645-40a8-8cfd-35164b5edc2e', 'e0ea64ac-bd3d-4bfe-bb31-35fd8095d4da', '7b7fcb32-f6a8-4e9c-83d8-a95773db4b7d', '35a06c30-36fc-4ce3-a997-aae505731267');
INSERT INTO ExpenseItems (ExpenseID, ReportID, Description, Amount, Date, PaymentMethod, Type, VendorID) VALUES ('ad9d31d7-8214-433c-a1cd-a9d02753a8eb', '91596497-724c-43cc-9bb1-9a97bc8ec78a', 'Figure since.', '205.84', '2024-03-09', 'Cash', 'Travel', '9faadb22-945f-40ab-a1f4-cda53566d3bb');
INSERT INTO ExpenseItems (ExpenseID, ReportID, Description, Amount, Date, PaymentMethod, Type, VendorID) VALUES ('e8c0f8cc-81c3-4c19-a888-f83ccd13d17b', '9a7ef469-01c4-4f58-aeb7-3f63154395ec', 'Get son her enough rule.', '97.5', '2024-02-03', 'Card', 'Travel', 'f315a6c4-7f6c-49e6-bc8a-2006bf9a0db3');
INSERT INTO ExpenseItems (ExpenseID, ReportID, Description, Amount, Date, PaymentMethod, Type, VendorID) VALUES ('e3d0d646-730d-4de3-b80c-10905f47e583', 'd7995fc1-6bf1-41bb-b1b3-65487a074ed3', 'Knowledge what majority focus.', '179.39', '2024-02-10', 'Cash', 'Meals', 'f315a6c4-7f6c-49e6-bc8a-2006bf9a0db3');
INSERT INTO ExpenseItems (ExpenseID, ReportID, Description, Amount, Date, PaymentMethod, Type, VendorID) VALUES ('60ad9a34-c230-4c1e-9966-5411e9a95c27', '2f15fbd3-630a-4901-aef9-ac3d28e81740', 'Fish behind evening everybody what.', '198.75', '2024-03-14', 'Card', 'Lodging', '9faadb22-945f-40ab-a1f4-cda53566d3bb');
INSERT INTO ExpenseItems (ExpenseID, ReportID, Description, Amount, Date, PaymentMethod, Type, VendorID) VALUES ('3422b2fd-a8fa-4f94-b064-72ae2f439bb8', 'd7995fc1-6bf1-41bb-b1b3-65487a074ed3', 'Dog husband culture.', '10.83', '2024-03-09', 'Check', 'Meals', 'b715f026-0103-4967-902b-24680fa998de');
INSERT INTO ExpenseItems (ExpenseID, ReportID, Description, Amount, Date, PaymentMethod, Type, VendorID) VALUES ('85e1aa71-a2cf-441f-abc2-739e34c21f2e', 'c565c6e2-534e-484d-8106-db5d08395630', 'Information media mind with.', '221.34', '2024-03-26', 'Cash', 'Meals', '9f35fbae-fa00-430d-894f-fc2cb9d964f9');
INSERT INTO ExpenseItems (ExpenseID, ReportID, Description, Amount, Date, PaymentMethod, Type, VendorID) VALUES ('acd5421e-827f-4f52-9338-29cd84c575ec', '2f15fbd3-630a-4901-aef9-ac3d28e81740', 'Lot energy.', '362.68', '2024-02-08', 'Check', 'Lodging', 'de9a23b7-5561-4fb5-8f44-27659649777c');
INSERT INTO ExpenseItems (ExpenseID, ReportID, Description, Amount, Date, PaymentMethod, Type, VendorID) VALUES ('16cce641-cb9e-43e3-864d-b39a297d1124', 'c565c6e2-534e-484d-8106-db5d08395630', 'Treat growth way science such.', '207.18', '2024-02-07', 'Check', 'Travel', 'b715f026-0103-4967-902b-24680fa998de');
INSERT INTO ExpenseItems (ExpenseID, ReportID, Description, Amount, Date, PaymentMethod, Type, VendorID) VALUES ('32af4916-5a99-4f5b-ad79-120ad81dce09', 'd7995fc1-6bf1-41bb-b1b3-65487a074ed3', 'We law fast book ball.', '335.82', '2024-02-18', 'Check', 'Meals', 'b715f026-0103-4967-902b-24680fa998de');
INSERT INTO ExpenseItems (ExpenseID, ReportID, Description, Amount, Date, PaymentMethod, Type, VendorID) VALUES ('e9101646-f003-4fc3-968f-8ef0b9685b9e', '14677187-53f3-4276-84fb-ef8d6b112e4e', 'Cell blue response.', '288.86', '2024-02-21', 'Check', 'Travel', '9f35fbae-fa00-430d-894f-fc2cb9d964f9');
INSERT INTO ExpenseItems (ExpenseID, ReportID, Description, Amount, Date, PaymentMethod, Type, VendorID) VALUES ('811a827b-9075-4e2c-af63-56e96828fbe6', '9a7ef469-01c4-4f58-aeb7-3f63154395ec', 'Sort by all win.', '112.99', '2024-03-15', 'Check', 'Meals', '9f35fbae-fa00-430d-894f-fc2cb9d964f9');
INSERT INTO ExpenseItems (ExpenseID, ReportID, Description, Amount, Date, PaymentMethod, Type, VendorID) VALUES ('e362601a-7bcd-425a-bb73-dfe8c8b15419', '8e3273cf-7149-4ee6-b16c-62b8ba6badfd', 'Budget pretty.', '226.48', '2024-03-27', 'Card', 'Meals', 'de9a23b7-5561-4fb5-8f44-27659649777c');
INSERT INTO ExpenseItems (ExpenseID, ReportID, Description, Amount, Date, PaymentMethod, Type, VendorID) VALUES ('c93102d6-077d-4035-8d33-d160c49e60c6', '9b4e7cd4-f538-4612-9fdd-fab1b258690c', 'Weight system.', '332.84', '2024-02-06', 'Check', 'Meals', 'f315a6c4-7f6c-49e6-bc8a-2006bf9a0db3');
INSERT INTO ExpenseItems (ExpenseID, ReportID, Description, Amount, Date, PaymentMethod, Type, VendorID) VALUES ('d8f1f521-82c6-4d93-a2ab-a016d5ffacda', 'c565c6e2-534e-484d-8106-db5d08395630', 'Some cup remember smile.', '55.76', '2024-01-31', 'Check', 'Lodging', 'b715f026-0103-4967-902b-24680fa998de');
INSERT INTO ExpenseItems (ExpenseID, ReportID, Description, Amount, Date, PaymentMethod, Type, VendorID) VALUES ('6102ffe2-37cd-4f3e-a821-3359fa25c38e', 'c020faa3-2030-4c92-8d9c-cc6eed98ddad', 'Several impact agree.', '82.2', '2024-01-06', 'Card', 'Lodging', 'f315a6c4-7f6c-49e6-bc8a-2006bf9a0db3');
INSERT INTO ExpenseItems (ExpenseID, ReportID, Description, Amount, Date, PaymentMethod, Type, VendorID) VALUES ('3bc565a9-e083-46de-835f-3792c47a06fa', '2f15fbd3-630a-4901-aef9-ac3d28e81740', 'No of.', '233.15', '2024-03-21', 'Check', 'Travel', 'de9a23b7-5561-4fb5-8f44-27659649777c');
INSERT INTO ExpenseItems (ExpenseID, ReportID, Description, Amount, Date, PaymentMethod, Type, VendorID) VALUES ('d59731b3-4667-458a-8b08-4e23c8814e3a', '8e3273cf-7149-4ee6-b16c-62b8ba6badfd', 'Boy before analysis.', '205.83', '2024-01-19', 'Check', 'Meals', '9faadb22-945f-40ab-a1f4-cda53566d3bb');
INSERT INTO ExpenseItems (ExpenseID, ReportID, Description, Amount, Date, PaymentMethod, Type, VendorID) VALUES ('0d001438-98b6-4464-8fd7-0d72d2b5a72b', '2f15fbd3-630a-4901-aef9-ac3d28e81740', 'Suffer seek every.', '391.43', '2024-01-29', 'Card', 'Meals', 'f315a6c4-7f6c-49e6-bc8a-2006bf9a0db3');
INSERT INTO ExpenseItems (ExpenseID, ReportID, Description, Amount, Date, PaymentMethod, Type, VendorID) VALUES ('32c65886-224f-4166-ba69-63f075a0017d', '8e3273cf-7149-4ee6-b16c-62b8ba6badfd', 'Our for couple.', '34.61', '2024-02-01', 'Card', 'Lodging', 'b715f026-0103-4967-902b-24680fa998de');
INSERT INTO ExpenseItems (ExpenseID, ReportID, Description, Amount, Date, PaymentMethod, Type, VendorID) VALUES ('172c1aa8-42de-4ce3-9ab0-5ca2d69d361a', '8e3273cf-7149-4ee6-b16c-62b8ba6badfd', 'Week production water same all.', '337.11', '2024-03-12', 'Check', 'Lodging', 'de9a23b7-5561-4fb5-8f44-27659649777c');
INSERT INTO ExpenseItems (ExpenseID, ReportID, Description, Amount, Date, PaymentMethod, Type, VendorID) VALUES ('49cac462-9c39-4e5a-b853-b594a7e514ef', '14677187-53f3-4276-84fb-ef8d6b112e4e', 'Them tonight.', '409.35', '2024-03-05', 'Cash', 'Meals', 'de9a23b7-5561-4fb5-8f44-27659649777c');
INSERT INTO ExpenseItems (ExpenseID, ReportID, Description, Amount, Date, PaymentMethod, Type, VendorID) VALUES ('fbe2b8a4-d2cc-46be-bf1e-9b252d943442', '9b4e7cd4-f538-4612-9fdd-fab1b258690c', 'Option consumer bring.', '374.39', '2024-03-01', 'Cash', 'Lodging', 'b715f026-0103-4967-902b-24680fa998de');
INSERT INTO ExpenseItems (ExpenseID, ReportID, Description, Amount, Date, PaymentMethod, Type, VendorID) VALUES ('652899de-8632-47e4-8c17-eae809ca131a', '9a7ef469-01c4-4f58-aeb7-3f63154395ec', 'Outside a personal sea research.', '385.25', '2024-03-07', 'Cash', 'Meals', 'b715f026-0103-4967-902b-24680fa998de');
INSERT INTO ExpenseItems (ExpenseID, ReportID, Description, Amount, Date, PaymentMethod, Type, VendorID) VALUES ('79d68f8b-692e-40d1-ae43-b6d7dae88df1', '9a7ef469-01c4-4f58-aeb7-3f63154395ec', 'Child name.', '225.54', '2024-04-01', 'Cash', 'Travel', '9f35fbae-fa00-430d-894f-fc2cb9d964f9');
INSERT INTO ExpenseItems (ExpenseID, ReportID, Description, Amount, Date, PaymentMethod, Type, VendorID) VALUES ('a94ae83c-b90c-4722-8f51-825b9600fbbf', 'c565c6e2-534e-484d-8106-db5d08395630', 'Consumer increase mother international.', '166.66', '2024-03-10', 'Card', 'Travel', 'b715f026-0103-4967-902b-24680fa998de');
INSERT INTO ExpenseItems (ExpenseID, ReportID, Description, Amount, Date, PaymentMethod, Type, VendorID) VALUES ('b5c9a7dd-e5f9-4033-abb9-42a0c3ae1088', 'c020faa3-2030-4c92-8d9c-cc6eed98ddad', 'Plant available enter it game.', '197.69', '2024-01-20', 'Check', 'Travel', '9faadb22-945f-40ab-a1f4-cda53566d3bb');
INSERT INTO ExpenseItems (ExpenseID, ReportID, Description, Amount, Date, PaymentMethod, Type, VendorID) VALUES ('3b2b224c-6910-4847-b8b4-7e6c21d6a249', 'd7995fc1-6bf1-41bb-b1b3-65487a074ed3', 'Know answer bar miss.', '209.72', '2024-03-10', 'Cash', 'Lodging', '9faadb22-945f-40ab-a1f4-cda53566d3bb');
INSERT INTO ExpenseItems (ExpenseID, ReportID, Description, Amount, Date, PaymentMethod, Type, VendorID) VALUES ('98b98f38-e752-4229-9749-b027042df6cb', 'c020faa3-2030-4c92-8d9c-cc6eed98ddad', 'Cost tonight size claim.', '418.12', '2024-02-19', 'Check', 'Meals', '9faadb22-945f-40ab-a1f4-cda53566d3bb');
INSERT INTO ExpenseItems (ExpenseID, ReportID, Description, Amount, Date, PaymentMethod, Type, VendorID) VALUES ('1fb617d8-e30a-4deb-89bd-2b0331194768', '14677187-53f3-4276-84fb-ef8d6b112e4e', 'Teacher surface media.', '196.39', '2024-01-01', 'Cash', 'Lodging', 'de9a23b7-5561-4fb5-8f44-27659649777c');
INSERT INTO ExpenseItems (ExpenseID, ReportID, Description, Amount, Date, PaymentMethod, Type, VendorID) VALUES ('8554118e-bbeb-431f-85b4-4e190fe25a8f', 'd7995fc1-6bf1-41bb-b1b3-65487a074ed3', 'Recently perform everything.', '273.73', '2024-03-10', 'Check', 'Travel', 'de9a23b7-5561-4fb5-8f44-27659649777c');
INSERT INTO Payments (PaymentID, ReportID, Amount, PaymentDate, BankAccount, OfficerID, VendorID) VALUES ('a6d6e074-9c99-497b-864f-8d45a2ee123a', '1f34ac65-0af1-473b-b1c4-7f59d3db64f4', '736.32', '2024-02-25', 'GB83HIVD58924344921324', '90e26506-bac5-4445-a32a-615e00b9b59b', '9faadb22-945f-40ab-a1f4-cda53566d3bb');
INSERT INTO Payments (PaymentID, ReportID, Amount, PaymentDate, BankAccount, OfficerID, VendorID) VALUES ('86e12c19-2832-4d35-b04e-a1c3fbc1194c', '2f15fbd3-630a-4901-aef9-ac3d28e81740', '1227.69', '2024-03-26', 'GB62QCRX71523857129641', 'f9922e2d-50c4-41e4-9ff4-268af366e0ce', 'de9a23b7-5561-4fb5-8f44-27659649777c');
INSERT INTO Payments (PaymentID, ReportID, Amount, PaymentDate, BankAccount, OfficerID, VendorID) VALUES ('381f7510-4402-4f37-aa4a-c6709bc11eb6', '9b4e7cd4-f538-4612-9fdd-fab1b258690c', '2200.13', '2024-02-29', 'GB40WBFT92724708463179', '45ac8983-4645-40a8-8cfd-35164b5edc2e', 'f315a6c4-7f6c-49e6-bc8a-2006bf9a0db3');
INSERT INTO Payments (PaymentID, ReportID, Amount, PaymentDate, BankAccount, OfficerID, VendorID) VALUES ('9d4aded1-08de-4c17-a27d-631b80d0081d', 'c020faa3-2030-4c92-8d9c-cc6eed98ddad', '1648.96', '2024-02-20', 'GB08SUSH11183854223832', 'f9922e2d-50c4-41e4-9ff4-268af366e0ce', 'f315a6c4-7f6c-49e6-bc8a-2006bf9a0db3');
INSERT INTO Payments (PaymentID, ReportID, Amount, PaymentDate, BankAccount, OfficerID, VendorID) VALUES ('fea95850-a9af-4ada-b940-7eb2105909f5', '9a7ef469-01c4-4f58-aeb7-3f63154395ec', '2022.7', '2024-01-11', 'GB11WPPY93397948942428', 'f9922e2d-50c4-41e4-9ff4-268af366e0ce', 'de9a23b7-5561-4fb5-8f44-27659649777c');
INSERT INTO Payments (PaymentID, ReportID, Amount, PaymentDate, BankAccount, OfficerID, VendorID) VALUES ('c4f5c650-7261-4324-94d5-529959fa956f', 'c565c6e2-534e-484d-8106-db5d08395630', '493.53', '2024-02-29', 'GB44FTYT10549963917626', '45ac8983-4645-40a8-8cfd-35164b5edc2e', '9faadb22-945f-40ab-a1f4-cda53566d3bb');
INSERT INTO Payments (PaymentID, ReportID, Amount, PaymentDate, BankAccount, OfficerID, VendorID) VALUES ('4f57c4a3-1fcd-4c2b-9ec7-15c5acee5191', 'd7995fc1-6bf1-41bb-b1b3-65487a074ed3', '854.45', '2024-02-11', 'GB30HPCY43049586163381', '45ac8983-4645-40a8-8cfd-35164b5edc2e', 'de9a23b7-5561-4fb5-8f44-27659649777c');
INSERT INTO Payments (PaymentID, ReportID, Amount, PaymentDate, BankAccount, OfficerID, VendorID) VALUES ('ccb94034-ce0c-4a22-ad1c-4dd1f1149c2b', '8e3273cf-7149-4ee6-b16c-62b8ba6badfd', '1047.85', '2024-02-18', 'GB79NWOY36176577259498', '90e26506-bac5-4445-a32a-615e00b9b59b', 'de9a23b7-5561-4fb5-8f44-27659649777c');
INSERT INTO Payments (PaymentID, ReportID, Amount, PaymentDate, BankAccount, OfficerID, VendorID) VALUES ('e7fa1bfc-7caa-4c0b-ad7a-8c360635ae0e', '91596497-724c-43cc-9bb1-9a97bc8ec78a', '831.59', '2024-01-11', 'GB68RWJC96444059689360', '90e26506-bac5-4445-a32a-615e00b9b59b', '9faadb22-945f-40ab-a1f4-cda53566d3bb');
INSERT INTO Payments (PaymentID, ReportID, Amount, PaymentDate, BankAccount, OfficerID, VendorID) VALUES ('34d613a8-790b-432f-ac90-6ad48a44a129', '14677187-53f3-4276-84fb-ef8d6b112e4e', '2272.17', '2024-01-07', 'GB21FTEI20676222487106', '90e26506-bac5-4445-a32a-615e00b9b59b', 'b715f026-0103-4967-902b-24680fa998de');